claim_id,actual_class,python_predicted_class,python_conf_Valid,python_conf_Invalid,python_conf_Manual_Review,summary_card_filename,gtm_predicted_class,gtm_conf_Valid,gtm_conf_Invalid,gtm_conf_Manual_Review,predicted_class_match,top_class_confidence_difference,model_consistency_status,warranty_rule_result,missing_documents,contradictions_detected,duplicate_claim_indicators,final_application_decision,major_disagreement_explanation
CLM-M-4568,Manual_Review,Manual_Review,0.02,0.0,0.98,CLM-M-4568_v1.png,Valid,0.8065,0.0,0.1935,No Match,0.1735,Model Disagreement,FAIL,none,flagged_contradiction,flagged_duplicate,Likely Invalid,Python predicted 'Manual_Review' but Teachable Machine predicted 'Valid'.
CLM-M-4647,Manual_Review,Manual_Review,0.2867,0.0967,0.6167,CLM-M-4647_v1.png,Valid,0.8563,0.0,0.1437,No Match,0.2396,Model Disagreement,FAIL,none,none,none,Manual Review Required,Python predicted 'Manual_Review' but Teachable Machine predicted 'Valid'.
CLM-M-5250,Manual_Review,Manual_Review,0.1067,0.1033,0.79,CLM-M-5250_v1.png,Valid,0.923,0.0,0.077,No Match,0.133,Model Disagreement,FAIL,none,none,none,Manual Review Required,Python predicted 'Manual_Review' but Teachable Machine predicted 'Valid'.
CLM-M-6288,Manual_Review,Manual_Review,0.0033,0.01,0.9867,CLM-M-6288_v1.png,Valid,0.8532,0.0,0.1468,No Match,0.1335,Model Disagreement,FAIL,none,flagged_contradiction,none,Manual Review Required,Python predicted 'Manual_Review' but Teachable Machine predicted 'Valid'.
CLM-V-5880,Valid,Manual_Review,0.3833,0.0,0.6167,CLM-V-5880_v1.png,Valid,0.9313,0.006,0.0626,No Match,0.3146,Model Disagreement,PASS,none,none,none,Manual Review Required,Python predicted 'Manual_Review' but Teachable Machine predicted 'Valid'.
CLM-M-0285,Manual_Review,Manual_Review,0.2467,0.0167,0.7367,CLM-M-0285_v1.png,Valid,0.7147,0.0,0.2853,No Match,0.022,Model Disagreement,PASS,none,flagged_contradiction,flagged_duplicate,Manual Review Required,Python predicted 'Manual_Review' but Teachable Machine predicted 'Valid'.
CLM-M-0710,Manual_Review,Manual_Review,0.03,0.0067,0.9633,CLM-M-0710_v1.png,Valid,0.7629,0.0,0.2371,No Match,0.2004,Model Disagreement,FAIL,none,flagged_contradiction,none,Likely Invalid,Python predicted 'Manual_Review' but Teachable Machine predicted 'Valid'.
CLM-I-2163,Invalid,Invalid,0.0,0.7067,0.2933,CLM-I-2163_v1.png,Invalid,0.0,0.9653,0.0347,Match,0.2586,Weak Match,FAIL,warranty_card; serial_photo,none,flagged_duplicate,Likely Invalid,Same class but confidence difference 0.2586 exceeds the 0.20 acceptable limit.
CLM-I-0414,Invalid,Invalid,0.0033,0.7533,0.2433,CLM-I-0414_v1.png,Invalid,0.0004,0.9666,0.033,Match,0.2133,Weak Match,FAIL,none,none,flagged_duplicate,Likely Invalid,Same class but confidence difference 0.2133 exceeds the 0.20 acceptable limit.
CLM-I-0144,Invalid,Invalid,0.0,0.7333,0.2667,CLM-I-0144_v1.png,Invalid,0.0,0.99,0.01,Match,0.2567,Weak Match,FAIL,receipt; serial_photo,serial_number_mismatch,flagged_duplicate,Likely Invalid,Same class but confidence difference 0.2567 exceeds the 0.20 acceptable limit.
CLM-I-3760,Invalid,Invalid,0.0067,0.6967,0.2967,CLM-I-3760_v1.png,Invalid,0.0,0.9926,0.0074,Match,0.2959,Weak Match,FAIL,none,serial_number_mismatch,flagged_duplicate,Manual Review Required,Same class but confidence difference 0.2959 exceeds the 0.20 acceptable limit.
CLM-V-5125,Valid,Valid,0.63,0.0,0.37,CLM-V-5125_v1.png,Valid,0.9897,0.0002,0.0101,Match,0.3597,Weak Match,PASS,none,none,none,Manual Review Required,Same class but confidence difference 0.3597 exceeds the 0.20 acceptable limit.
CLM-V-3553,Valid,Valid,0.6833,0.0,0.3167,CLM-V-3553_v1.png,Valid,0.9537,0.0,0.0463,Match,0.2704,Weak Match,PASS,none,none,none,Manual Review Required,Same class but confidence difference 0.2704 exceeds the 0.20 acceptable limit.
CLM-I-1187,Invalid,Invalid,0.0,0.7033,0.2967,CLM-I-1187_v1.png,Invalid,0.0,0.9566,0.0434,Match,0.2533,Weak Match,FAIL,warranty_card,none,none,Likely Invalid,Same class but confidence difference 0.2533 exceeds the 0.20 acceptable limit.
CLM-V-3700,Valid,Valid,0.6967,0.0,0.3033,CLM-V-3700_v1.png,Valid,0.9512,0.0002,0.0486,Match,0.2545,Weak Match,PASS,none,none,none,Manual Review Required,Same class but confidence difference 0.2545 exceeds the 0.20 acceptable limit.
CLM-V-4357,Valid,Valid,0.9933,0.0,0.0067,CLM-V-4357_v1.png,Valid,0.8667,0.0,0.1333,Match,0.1266,Acceptable Match,PASS,none,none,none,Likely Valid,"Same class, confidence difference within the acceptable range."
CLM-I-4949,Invalid,Invalid,0.0,0.81,0.19,CLM-I-4949_v1.png,Invalid,0.0002,0.9683,0.0315,Match,0.1583,Acceptable Match,FAIL,none,none,none,Likely Invalid,"Same class, confidence difference within the acceptable range."
CLM-V-0554,Valid,Valid,0.9867,0.0,0.0133,CLM-V-0554_v1.png,Valid,0.8804,0.0027,0.1169,Match,0.1063,Acceptable Match,PASS,none,none,none,Likely Valid,"Same class, confidence difference within the acceptable range."
CLM-I-6469,Invalid,Invalid,0.0,0.8467,0.1533,CLM-I-6469_v1.png,Invalid,0.0008,0.9676,0.0316,Match,0.1209,Acceptable Match,FAIL,none,serial_number_mismatch,none,Likely Invalid,"Same class, confidence difference within the acceptable range."
CLM-M-4311,Manual_Review,Manual_Review,0.18,0.0033,0.8167,CLM-M-4311_v1.png,Manual_Review,0.0124,0.0,0.9876,Match,0.1709,Acceptable Match,FAIL,none,none,none,Likely Invalid,"Same class, confidence difference within the acceptable range."
CLM-M-2201,Manual_Review,Manual_Review,0.0867,0.04,0.8733,CLM-M-2201_v1.png,Manual_Review,0.0095,0.0,0.9905,Match,0.1172,Acceptable Match,FAIL,receipt; serial_photo,flagged_contradiction,none,Manual Review Required,"Same class, confidence difference within the acceptable range."
CLM-V-3885,Valid,Valid,1.0,0.0,0.0,CLM-V-3885_v1.png,Valid,0.8626,0.0026,0.1347,Match,0.1374,Acceptable Match,PASS,none,none,none,Likely Valid,"Same class, confidence difference within the acceptable range."
CLM-M-2361,Manual_Review,Manual_Review,0.1433,0.0667,0.79,CLM-M-2361_v1.png,Manual_Review,0.0567,0.003,0.9404,Match,0.1504,Acceptable Match,FAIL,warranty_card,serial_number_mismatch,none,Manual Review Required,"Same class, confidence difference within the acceptable range."
CLM-V-5861,Valid,Valid,0.9733,0.0033,0.0233,CLM-V-5861_v1.png,Valid,0.9775,0.0019,0.0207,Match,0.0042,Strong Match,FAIL,serial_photo,none,none,Manual Review Required,Both models agree with a small confidence difference.
CLM-I-3549,Invalid,Invalid,0.0067,0.9333,0.06,CLM-I-3549_v1.png,Invalid,0.0003,0.9864,0.0133,Match,0.0531,Strong Match,FAIL,serial_photo,none,none,Likely Invalid,Both models agree with a small confidence difference.
CLM-I-4406,Invalid,Invalid,0.0,0.97,0.03,CLM-I-4406_v1.png,Invalid,0.0,0.9875,0.0125,Match,0.0175,Strong Match,FAIL,receipt,none,none,Likely Invalid,Both models agree with a small confidence difference.
CLM-I-4164,Invalid,Invalid,0.0067,0.9467,0.0467,CLM-I-4164_v1.png,Invalid,0.0007,0.9787,0.0207,Match,0.032,Strong Match,FAIL,none,none,none,Likely Invalid,Both models agree with a small confidence difference.
CLM-I-6274,Invalid,Invalid,0.0,0.9233,0.0767,CLM-I-6274_v1.png,Invalid,0.0,0.952,0.048,Match,0.0287,Strong Match,FAIL,receipt; warranty_card; serial_photo,none,flagged_duplicate,Likely Invalid,Both models agree with a small confidence difference.
CLM-M-5958,Manual_Review,Manual_Review,0.2,0.0067,0.7933,CLM-M-5958_v1.png,Manual_Review,0.1247,0.0013,0.8741,Match,0.0808,Strong Match,FAIL,warranty_card,serial_number_mismatch; flagged_contradiction,none,Manual Review Required,Both models agree with a small confidence difference.
CLM-M-0093,Manual_Review,Manual_Review,0.0233,0.0,0.9767,CLM-M-0093_v1.png,Manual_Review,0.0106,0.0,0.9894,Match,0.0127,Strong Match,FAIL,none,none,none,Likely Invalid,Both models agree with a small confidence difference.
CLM-V-1659,Valid,Valid,0.9967,0.0,0.0033,CLM-V-1659_v1.png,Valid,0.9611,0.0,0.0389,Match,0.0356,Strong Match,PASS,none,none,none,Likely Valid,Both models agree with a small confidence difference.
CLM-I-6502,Invalid,Invalid,0.0,0.9967,0.0033,CLM-I-6502_v1.png,Invalid,0.0001,0.954,0.046,Match,0.0427,Strong Match,FAIL,warranty_card,serial_number_mismatch,none,Likely Invalid,Both models agree with a small confidence difference.
