feature,importance
num__repair_history_count,0.1568261433550663
num__remaining_warranty_months,0.13569862706405317
num__unauthorized_repair_flag,0.13545716810968306
num__product_age_months,0.0526664104080968
num__warranty_card_attached,0.04995315179766714
num__contradiction_flag,0.043623917106768655
num__purchase_price,0.04218816558142702
cat__fault_type_intermittent_fault,0.03625668048381289
num__duplicate_flag,0.03430389929534668
cat__fault_type_screen_flicker,0.031187176942882613
cat__fault_type_audio_issue,0.0306189105017638
cat__fault_type_overheating,0.029363107389016742
cat__fault_type_charging_issue,0.025308940525663882
num__damage_photo_attached,0.02348417503909277
num__serial_photo_attached,0.023175278633993247
num__serial_number_match,0.023154204124219813
num__receipt_attached,0.02227840797301839
cat__fault_type_liquid_damage,0.012079984252108924
cat__fault_type_power_surge,0.011591308952986754
cat__fault_type_physical_impact,0.011463122407530751
cat__fault_type_battery_failure,0.010954220934990126
num__warranty_duration_months,0.010814335546525488
cat__fault_type_tampered,0.01064672533011459
cat__fault_type_unauthorized_modification,0.009693825899176183
cat__fault_type_software_fault,0.00669863341888628
cat__fault_type_motor_failure,0.005396486023263844
cat__fault_type_display_defect,0.005351466130760138
cat__product_category_Electronics,0.003411854259949613
cat__product_category_Home Appliances,0.0032213334989275354
cat__product_category_Mobile,0.0031323390132066324
